{
  "accuracy": 0.998026551847865,
  "report": {
    "0": {
      "precision": 0.9981381878361605,
      "recall": 0.9995856639734825,
      "f1-score": 0.9988614015112307,
      "support": 4827.0
    },
    "1": {
      "precision": 0.9972972972972973,
      "recall": 0.9879518072289156,
      "f1-score": 0.9926025554808339,
      "support": 747.0
    },
    "accuracy": 0.998026551847865,
    "macro avg": {
      "precision": 0.997717742566729,
      "recall": 0.993768735601199,
      "f1-score": 0.9957319784960323,
      "support": 5574.0
    },
    "weighted avg": {
      "precision": 0.9980254958317596,
      "recall": 0.998026551847865,
      "f1-score": 0.99802262182255,
      "support": 5574.0
    }
  }
}