{
  "svc": {
    "best_params": {
      "C": 10.0
    },
    "accuracy": 0.9910313901345291,
    "report": {
      "0": {
        "precision": 0.9917695473251029,
        "recall": 0.9979296066252588,
        "f1-score": 0.9948400412796697,
        "support": 966.0
      },
      "1": {
        "precision": 0.986013986013986,
        "recall": 0.9463087248322147,
        "f1-score": 0.9657534246575342,
        "support": 149.0
      },
      "accuracy": 0.9910313901345291,
      "macro avg": {
        "precision": 0.9888917666695445,
        "recall": 0.9721191657287367,
        "f1-score": 0.980296732968602,
        "support": 1115.0
      },
      "weighted avg": {
        "precision": 0.9910004185041554,
        "recall": 0.9910313901345291,
        "f1-score": 0.9909531301794919,
        "support": 1115.0
      }
    }
  },
  "logreg": {
    "best_params": {
      "C": 10.0
    },
    "accuracy": 0.9856502242152466,
    "report": {
      "0": {
        "precision": 0.9866803278688525,
        "recall": 0.9968944099378882,
        "f1-score": 0.9917610710607621,
        "support": 966.0
      },
      "1": {
        "precision": 0.9784172661870504,
        "recall": 0.912751677852349,
        "f1-score": 0.9444444444444444,
        "support": 149.0
      },
      "accuracy": 0.9856502242152466,
      "macro avg": {
        "precision": 0.9825487970279514,
        "recall": 0.9548230438951186,
        "f1-score": 0.9681027577526032,
        "support": 1115.0
      },
      "weighted avg": {
        "precision": 0.9855761160387282,
        "recall": 0.9856502242152466,
        "f1-score": 0.9854380420331106,
        "support": 1115.0
      }
    }
  }
}